Track Name,Artist,Track ID,Genres,Tempo,Loudness,Danceability
I'm Yours,Jason Mraz,1EzrEOXmMH3G43AXT1y7pA,"acoustic pop, dance pop, neo mellow, pop",,,
Sway,Michael Bublé,2ajUl8lBLAXOXNpG4NEPMz,"adult standards, canadian pop, jazz pop, lounge",131.822555542,0.81537848711,
Feel Like Makin' Love,Roberta Flack,7gkboYtvhuXNS4EUwmFPcw,"adult standards, classic soul, disco, quiet storm, soft rock, soul, vocal jazz",,,
Yamore,"MoBlack, Salif Keita, Benja (NL), Franc Fala, Cesária Evora",480j122Gpi252OIfy4SNzm,afro house,,,
It's Not Right - Radio Edit,"Gianni Romano, Emanuele Esposito, Helen Tesfazghi",7x0RIQjVXoCyapWthlRG69,"afro house, latin house",,,
Rush,Ayra Starr,1rrqJ9QkOBYJlsZgqqwxgB,afrobeats,,,
Am I Wrong,Nico & Vinz,1fidCEsYlaVE3pHwKCvpFZ,afrobeats,119.938156128,0.898352503777,
Bad Habit,Steve Lacy,5CM4UuQ9Gnd6K2YyKGPMoK,afrofuturism,,,
Some,Steve Lacy,4riDfclV7kPDT9D58FpmHd,afrofuturism,107.603172302,0.0433345288038,
The Devil Went Down to Georgia,The Charlie Daniels Band,383Xl5QTigwj3QiA3Qc6S7,"album rock, classic rock, country, country rock, southern rock",,,
Ruled by Secrecy,Muse,4o4xJOBtK5keCSzmrEVP6K,"album rock, classic rock, hard rock, rock",,,
Dandelions,Ruth B.,2eAvDnpXP5W0cVtiI0PUxV,"alt z, canadian contemporary r&b, canadian pop, pop",,,
If We Were Vampires,Jason Isbell and the 400 Unit,250RLekaiL1q9qZer975Eg,"alternative country, folk, new americana, roots rock",,,
Give It All,Rise Against,5O6SumCYk8Ug81UbfXAPJC,"alternative metal, chicago hardcore, chicago punk, hardcore punk, modern rock, pop punk, post-grunge, punk",,,
3 Nights,Dominic Fike,1tNJrcVe6gwLEiZCtprs1u,"alternative pop rock, pov: indie",,,
Babydoll,Dominic Fike,7yNf9YjeO5JXUE3JEBgnYc,"alternative pop rock, pov: indie",,,
3 Nights,Dominic Fike,0uI7yAKUf52Cn7y3sYyjiX,"alternative pop rock, pov: indie",,,
A Storm on a Summers Day,"Full Crate, Gaidaa",4svk9KGtIVSEoeG2VjIUSy,"alternative r&b, arab alternative, indie r&b, sudanese pop",,,
Envious,SAULT,5QrhTxjhRFYqYjQeT0tqEa,"alternative r&b, indie soul, pop soul",131.999938965,0.922782719135,
Feet Don't Fail Me Now,Joy Crookes,5goqVeMYUQecvpcjNxpadU,"alternative r&b, uk contemporary r&b",,,
Kids,MGMT,1jJci4qxiYcOHhQR247rEU,"alternative rock, indie rock, indietronica, modern rock, rock",,,
I Am the Moon,The White Buffalo,0GQPSWoRGfwshYYv5nW5Ct,"alternative roots rock, new americana",154.748779297,0.509952485561,
Idea 10 (Slowed & Reverb),Gibran Alcocer,0Wzv6Y5yj6vVMeN2x2BBdg,ambient lo-fi,,,
Idea 10,Gibran Alcocer,1lb3H41lbvAN28N7yqRNL9,ambient lo-fi,,,
Idea 22 (Sped Up),Gibran Alcocer,1rylyCSL8sBFwlMfqwVZdL,ambient lo-fi,,,
Idea 15,Gibran Alcocer,7MJ8g0egEkhvGu44IamrDE,ambient lo-fi,,,
snowfall,"Øneheart, reidenshi",4xF4ZBGPZKxECeDFrqSAG4,ambient lo-fi,,,
Idea 22,Gibran Alcocer,1FCsK0oKWCtDOYRPYSrYgO,ambient lo-fi,,,
Solas,Gibran Alcocer,0yfMign5fsLtw5I4pK73ge,ambient lo-fi,,,
Reflections,Borrtex,49gFdRRGI5UMHb8j3VnD9x,ambient lo-fi,,,
Je te laisserai de mots,noel.smt,1491Kis263uUWf18sDnYSG,ambient lo-fi,,,
snowfall (Sped Up),"Øneheart, reidenshi",2kU3tL5BVXkFLefXLy8pBi,ambient lo-fi,,,
Idea 1,Gibran Alcocer,3kJACFlgn1rg0I0l4XmzLI,ambient lo-fi,,,
Idea 9,Gibran Alcocer,3TdROUy5JZz1OcBKMZjeux,ambient lo-fi,,,
interstellar.,"pandora., chillwithme, cødy",4eEfckO9ZJlMntQJFEjxq6,ambient lo-fi,,,
Idea 7,Gibran Alcocer,2n1U0UuPUHISJhvrFyHxy1,ambient lo-fi,,,
Cry,Cigarettes After Sex,3p4hRhMcb6ch8OLtATMaLw,"ambient pop, dream pop, el paso indie, shoegaze",,,
hotline (edit),Billie Eilish,0WFryfbNKPXVtVQlz5dZ8H,"art pop, pop",,,
a lot,21 Savage,2t8yVaLvJ0RenpXUIAC52d,"atl hip hop, hip hop, rap",,,
Crazy,Gnarls Barkley,1vxw6aYJls2oq3gW0DujAo,"atl hip hop, neo soul",,,
We Are The People,Empire Of The Sun,6DG1vjbBFKJWVeihm4hK0X,"australian dance, australian electropop, dance rock, indietronica, neo-synthpop",,,
Alive,Empire Of The Sun,2O9O26335YYVckmRgPKY3s,"australian dance, australian electropop, dance rock, indietronica, neo-synthpop",110.034057617,0.894582569599,
Innerbloom - Radio Edit,RÜFÜS DU SOL,233AL29SR6QWnD7hu7ylbf,"australian electropop, indietronica",,,
Let It Happen,Tame Impala,2X485T9Z5Ly0xyaghN73ed,"australian psych, modern rock, neo-psychedelic, rock",139.631698608,0.833658516407,
Borderline,Tame Impala,5hM5arv9KDbCHS0k9uqwjr,"australian psych, modern rock, neo-psychedelic, rock",,,
The Less I Know The Better,Tame Impala,6K4t31amVTZDgR3sKmwUJJ,"australian psych, modern rock, neo-psychedelic, rock",,,
Don't Stop The Music,Rihanna,0ByMNEPAPpOR5H69DVrTNy,"barbadian pop, pop, urban contemporary",124.999603271,0.908742427826,
Only Girl (In The World),Rihanna,2ENexcMEMsYk0rVJigVD3i,"barbadian pop, pop, urban contemporary",,,
Anything You Want - Not That,Belleruche,6sI5m6cabkKWBuDh0kXMKk,"bboy, electro swing, nu jazz",,,
Cherry Wine,grentperez,5o5WaO9pzPhXSGIrTIYVce,bedroom r&b,137.480453491,0.687053143978,
Hex,80purppp,7D7e6hm2LiNd6nLuJF6K9Q,bedroom r&b,,,
Are You With Me,Lost Frequencies,4255amV4enzl28KAn16rUO,"belgian edm, edm, pop dance, tropical house",121.019241333,0.950203120708,
"Hey Mama (feat. Nicki Minaj, Bebe Rexha & Afrojack)","David Guetta, AFROJACK, Bebe Rexha, Nicki Minaj",285HeuLxsngjFn4GGegGNm,"big room, dance pop, edm, pop, pop dance",93.8366928101,0.93929451704,
Titanium (feat. Sia),"David Guetta, Sia",0TDLuuLlV54CkRRUOahJb4,"big room, dance pop, edm, pop, pop dance",,,
I Like It Like That,Pete Rodriguez,6Wy3X4jSszfisnRscJCHdq,"boogaloo, jazz trumpet",133.39692688,0.933247804642,
Another Level,Oh The Larceny,52yUIbj0YVqxyz9cA0WSPA,"bossbeat, rebel blues",,,
I Want It That Way,Backstreet Boys,47BBI51FKFwOMlIiX6m8ya,"boy band, dance pop, pop",164.169509888,0.506190299988,
Glad You Came,The Wanted,5yDL13y5giogKs2fSNf7sj,"boy band, dance pop, pop, post-teen pop",,,
Chasing The Sun,The Wanted,4b4c0oH7PtrPsI86drzgFs,"boy band, dance pop, pop, post-teen pop",,,
Just My Type,The Vamps,29VLdEqFvd0l4JFscCnrp7,"boy band, pop",105.967399597,0.946545541286,
Youngblood,5 Seconds of Summer,2iUXsYOEPhVqEBwsqP70rE,"boy band, pop",120.054069519,0.829949736595,
Dancing in the Moonlight,Toploader,3Fzlg5r1IjhLk2qRw667od,british alternative rock,150.040557861,0.954892337322,
Tell Me Why,"Gotts Street Park, Olive Jones",7AvuIMRKdo5RvS6YIzXjsj,british soul,,,
You Know I'm No Good,Amy Winehouse,0DMRKqrpd0QO4RWiEdMib0,"british soul, neo soul",,,
Smooth Operator - Single Version,Sade,1Hv1VTm8zeOeybub15mA2R,"british soul, sophisti-pop",,,
The Color Violet,Tory Lanez,3azJifCSqg9fRij2yKIbWz,"canadian hip hop, canadian trap, melodic rap, pop rap, r&b, rap, trap",,,
Je veux,Zaz,734dz1YaFITwawPpM25fSt,"chanson, french jazz, nouvelle chanson francaise",,,
I Love You So,The Walters,4SqWKzw0CbA05TGszDgMlc,"chicago indie, pov: indie",,,
Move On Up,Curtis Mayfield,2cK7SJ2O3CqDRHeixvFKgh,"chicago soul, classic soul, funk, soul",,,
MILLION DOLLAR BABY,Tommy Richman,5AJ9hqTS2wcFQCELCFRO7A,chill abstract hip hop,123.821136475,0.940449714661,
DEVIL IS A LIE,Tommy Richman,6jlG8gBPNAgBgoivw2Ig09,chill abstract hip hop,,,
The Chase,Emmit Fenn,0SANWT6WZgajOViFe0EkCO,"chill house, vapor soul",,,
Close Eyes,DVRST,3CLSHJv5aUROAN2vfOyCOh,"chill phonk, drift phonk",,,
Jolene,Dolly Parton,5fdhThPDe6jQQDqCyWrdAn,"classic country pop, country, country dawn",,,
L'italiano,Toto Cutugno,2S7RApTsKT0CtYojYq2cKz,classic italian pop,172.265228271,0.941717147827,
Nine Ball,Zach Bryan,3xOi0YhDREKRURFHoNaAOQ,classic oklahoma country,,,
From Austin,Zach Bryan,6k07Z7rd9og1FvRJD2n9E8,classic oklahoma country,,,
Before He Cheats,Carrie Underwood,0ZUo4YjG4saFnEJhdWp9Bt,"classic oklahoma country, contemporary country, country, country dawn, dance pop, pop",,,
Love Come Down,"Evelyn ""Champagne"" King",17EVu5b0l5uo2gErSfqEt1,"classic soul, disco, funk, minneapolis sound, new jack swing, post-disco, quiet storm, soul, urban contemporary",,,
Kiss and Say Goodbye,The Manhattans,0rHiGIRASJq8snJGFJMpnI,"classic soul, disco, funk, motown, philly soul, quiet storm, soul",129.330581665,0.827349305153,
Could It Be I'm Falling in Love,The Spinners,5i0urffBRKl09GSX2Jhdeh,"classic soul, disco, funk, motown, philly soul, quiet storm, soul, southern soul",,,
Wishing on a Star,Rose Royce,0u2CGItUO2jYEiFaXD7n5S,"classic soul, disco, funk, motown, post-disco, quiet storm, soul, southern soul",93.7756729126,0.25063803792,
Before I Let Go,"Maze, Frankie Beverly",6e9xnBJPs0y9omrSU3C3N4,"classic soul, funk, motown, neo soul, new jack swing, post-disco, quiet storm, soul, urban contemporary",,,
"Footsteps in the Dark, Pts. 1 & 2",The Isley Brothers,1tL5a9jowsWMtn3wkFYsG9,"classic soul, funk, motown, quiet storm, soul",,,
Let's Get It On,Marvin Gaye,627teoJpK7qZOxRRY8TNnv,"classic soul, motown, neo soul, northern soul, quiet storm, soul",,,
The Bones,Maren Morris,7yFhA2fUsL2oIMWlw5DaHQ,"classic texas country, contemporary country",,,
I Remember Everything (feat. Kacey Musgraves),"Zach Bryan, Kacey Musgraves",4KULAymBBJcPRpk1yO4dOG,"classic texas country, contemporary country, country dawn",,,
The Painter,Cody Johnson,5DQU4Fmdx7Hs7pwtcZMSTK,"classic texas country, contemporary country, modern country pop",,,
'Til You Can't,Cody Johnson,4k3lPl8YTKuY8c1HelVnm3,"classic texas country, contemporary country, modern country pop",,,
Dirt Cheap,Cody Johnson,48X5k2vce5rXckgDAnXMsa,"classic texas country, contemporary country, modern country pop",132.981048584,0.777098476887,
Remembrance,Balmorhea,7xiw42KTmCcqfZNCZqUcnF,"compositional ambient, melancholia, neoclassical darkwave, pastoral, post-rock",,,
Not Like Us,Kendrick Lamar,6AI3ezQ4o3HUoP6Dhudph3,"conscious hip hop, hip hop, rap, west coast rap",,,
Love Somebody,Morgan Wallen,7hR22TOX3RorxJPcsz5Wbo,contemporary country,,,
Wasted On You,Morgan Wallen,3cBsEDNhFI9E82vPj3kvi3,contemporary country,,,
Lies Lies Lies,Morgan Wallen,7Fzl7QaTu47WyP9R5S5mh5,contemporary country,,,
7 Summers,Morgan Wallen,4obHzpwGrjoTuZh2DItEMZ,contemporary country,,,
Does To Me (feat. Eric Church),"Luke Combs, Eric Church",0nGXi46VcQQ56ZJR428MKS,"contemporary country, country",112.980995178,0.771341562271,
Beautiful Crazy,Luke Combs,2rxQMGVafnNaRaXlRMWPde,"contemporary country, country",,,
The Kind of Love We Make,Luke Combs,48UKTR66uUOT9LaUvooTNx,"contemporary country, country",,,
Love You Anyway,Luke Combs,2kYevr8cbIAH2ha8210Bnz,"contemporary country, country",,,
This Town's Been Too Good To Us,Dylan Scott,5ncjUUHk43IjYXZCsQxcBw,"contemporary country, country road, modern country rock",,,
Life is a Highway,Rascal Flatts,2Fs18NaCDuluPG1DHGw1XG,"contemporary country, country, country road",,,
Heart On Fire,Eric Church,0ysCB1Jg4hli0XlEWlipo7,"contemporary country, country, country road",,,
Amarillo By Morning,George Strait,4TnUKixNWMfajncgdSwFoi,"contemporary country, country, country road",,,
Buy Dirt,"Jordan Davis, Luke Bryan",69AIpwGNLxr4qS1X5ynx60,"contemporary country, country, country road, modern country rock",,,
Dirt Road Anthem,Jason Aldean,5ZVGvay4xwgXMnQWffNYeU,"contemporary country, country, country road, modern country rock",,,
Country Girl (Shake It For Me),Luke Bryan,0JbSghVDghtFEurrSO8JrC,"contemporary country, country, country road, modern country rock",,,
Rumor,Lee Brice,56eGOeSsqdg3FLxdo83TwV,"contemporary country, country, country road, modern country rock",,,
Beautiful As You,Thomas Rhett,1SBoKG4MjtH2vMUpftdQtc,"contemporary country, country, country road, modern country rock",,,
you look like you love me (feat. Riley Green),"Ella Langley, Riley Green",2PyJAiQjp1OPkow2FJZKHR,"contemporary country, modern country pop",,,
My Lovin' (You're Never Gonna Get It),En Vogue,3R97rNX7JnmshCWBwOSFet,"contemporary r&b, girl group, hip pop, new jack swing, r&b, urban contemporary",,,
Don't Mess With My Man,Lucy Pearl,2J2hVpwVV25EK8Bvd3OgCK,"contemporary r&b, neo soul, new jack swing",,,
Tell Me,Groove Theory,2lp8xjq0WTm3HZKHuDEweg,"contemporary r&b, new jack swing",,,
Nite and Day,Al B. Sure!,3r0Rhl5Zdo9YjACZNsaBvN,"contemporary r&b, new jack swing, quiet storm, r&b",,,
Love Me Again,John Newman,5TbzAWWc5eJaANpA9kfGCd,dance pop,125.963882446,0.847758233547,
Summer,Calvin Harris,6YUTL4dYpB9xZO5qExPf05,"dance pop, edm, electro house, house, pop, progressive house, uk dance",,,
My Way,Calvin Harris,3ejfcz0QPyV717Vd3ta04V,"dance pop, edm, electro house, house, pop, progressive house, uk dance",,,
You Know You Like It,"DJ Snake, AlunaGeorge",57kR5SniQIbsbVoIjjOUDa,"dance pop, edm, electronic trap, pop, pop dance",,,
Runaway (U & I),Galantis,46lFttIf5hnUZMGvjK0Wxo,"dance pop, edm, pop, pop dance, progressive electro house",,,
King,Olly Alexander (Years & Years),3AeicLnm55RqcXGBKYQolM,"dance pop, gauze pop, pop, pop dance, uk pop",122.571891785,0.896863520145,
Give Me Everything (feat. Nayer),"Pitbull, AFROJACK, Ne-Yo, Nayer",4QNpBfC0zvjKqPJcyqBy9W,"dance pop, miami hip hop, pop",,,
Hangover,"Taio Cruz, Flo Rida",5pmL3RzOy3IvGFaSDi4hZL,"dance pop, miami hip hop, pop, pop rap",,,
"Hey, Soul Sister",Train,4HlFJV71xXKIGcU3kRyttv,"dance pop, neo mellow, pop, pop rock",,,
Treasure,Bruno Mars,55h7vJchibLdUkxdlX3fK7,"dance pop, pop",117.913406372,0.829631149769,
Locked out of Heaven,Bruno Mars,3w3y8KPTfNeOKPiqUTakBh,"dance pop, pop",,,
The Lazy Song,Bruno Mars,386RUes7n1uM1yfzgeUuwp,"dance pop, pop",87.6855163574,0.879524111748,
Domino,Jessie J,2fQxE0jVrjNMT9oJAXtSJR,"dance pop, pop",,,
TiK ToK,Kesha,0HPD5WQqrq7wPWR7P7Dw1i,"dance pop, pop",,,
Want to Want Me,Jason Derulo,7oGZAicScQt96OAW4AruYy,"dance pop, pop",,,
Cupid's Chokehold / Breakfast in America,Gym Class Heroes,2Lhdl74nwwVGOE2Gv35QuK,"dance pop, pop rap",,,
Replay,Iyaz,4E5P1XyAFtrjpiIxkydly4,"dance pop, pop rap, post-teen pop",,,
Promiscuous,"Nelly Furtado, Timbaland",2gam98EZKrF9XuOkU13ApN,"dance pop, pop, pop rap",,,
Pump It,Black Eyed Peas,2ygMBIctKIAfbEBcT9065L,"dance pop, pop, pop rap",,,
Dynamite,Taio Cruz,0r4iLyCpW9e27ATCupFF64,"dance pop, pop, pop rap",,,
Troublemaker (feat. Flo Rida),"Olly Murs, Flo Rida",6s8nHXTJVqFjXE4yVZPDHR,"dance pop, romanian house, romanian pop",,,
Shut Up and Dance,WALK THE MOON,4kbj5MwxO1bq9wjT5g9HaA,"dance rock, modern alternative rock, modern rock, neo mellow, pop rock",,,
Solo Dance,Martin Jensen,10AsRVRdU07cMAFHeGYO3c,"danish electronic, edm, pop dance",,,
Renegade,Aaryan Shah,2e0Zxf8VntbuwfosHQbIT1,dark r&b,,,
I Adore You (feat. Daecolm),"HUGEL, Topic, Arash, Daecolm",5nPbKG04fhLkIAjcPFaZq7,deep house,,,
Cola,"CamelPhat, Elderbrook",1HrMWH5GUdK6Yi94rbANJA,"deep tech house, house, progressive house, uk dance",,,
Lovin On Me,Jack Harlow,4xhsWYTOGcal8zt0J161CU,"deep underground hip hop, hip hop, kentucky hip hop, pop rap, rap",,,
Freaks,Surf Curse,7EkWXAI1wn8Ii883ecd9xr,"dreamo, indie surf, pov: indie, surf punk, vegas indie",,,
It's Not Right But It's Okay,Mr. Belt & Wezol,5OFVzqSeFxGpvDGyHvVeLj,"dutch edm, house",,,
Drop That Low (When I Dip),Tujamo,0WSjVLITbxV6kVXndziQDm,"dutch house, edm, electro house, melbourne bounce, pop dance, progressive electro house",,,
Goca Dünya,Altin Gün,5QO3UJc1gF1ummP75n2b3R,"dutch indie, turkish psych",,,
Sundress,A$AP Rocky,2aPTvyE09vUCRwVvj0I8WK,"east coast hip hop, hip hop, rap",,,
Purple Hat,Sofi Tukker,6WiGRFQfx2qw49MA7OeDYK,edm,,,
More Than You Know,Axwell /\ Ingrosso,6h5PAsRni4IRlxWr6uDPTP,"edm, pop dance, progressive electro house",,,
Post Malone (feat. RANI),"Sam Feldt, RANI",36orMWv2PgvnzXsd5CJ0yL,"edm, pop dance, tropical house",,,
(It Goes Like) Nanana - Edit,Peggy Gou,23RoR84KodL5HWvUTneQ1w,"electra, float house",,,
Got To Be Good,"Gotts Street Park, Pip Millett",59QJsTw38Jj13WnR1qz1MC,electro jazz,,,
Revenge,XXXTENTACION,5TXDeTFVRVY7Cvt0Dw4vWW,"emo rap, miami hip hop, rap",,,
BAIXO,xxanteria,0rb7HcBkdMPp04ybHBfX41,"emo rap, miami hip hop, rap",,,
Centuries,Fall Out Boy,04aAxqtGp5pv12UXAg4pkq,"emo, modern rock, pop, rock",,,
Retro Emporium,The Reytons,1AAtrXSe2bI1ExqxxusBDO,english indie rock,,,
Dancing Queen,ABBA,0GjEhVFGZW8afUYGChu3Rr,"europop, swedish pop",,,
Bamboléo,Gipsy Kings,3iB8eciGU9vZkaDYkz7Ir9,"flamenco, rumba, world",,,
"Djobi, Djoba",Gipsy Kings,2Mz7HwloqFNdA6iZeZk5PJ,"flamenco, rumba, world",121.763412476,0.935264050961,
Volare (Nel Blu di Pinto di Blu),Gipsy Kings,4OjJAGDDZTLlTNeOMBl7UM,"flamenco, rumba, world",,,
"Bem, Bem, Maria",Gipsy Kings,101m14qrjLJtXR4IwcXYv8,"flamenco, rumba, world",,,
Little Talks,Of Monsters and Men,2ihCaVdNZmnHZWt0fvAM7B,"folk-pop, metropopolis, modern rock, stomp and holler",,,
Riptide,Vance Joy,7yq4Qj7cqayVTp3FF9CWbm,"folk-pop, modern rock",,,
Clarity,Vance Joy,5c6lM2zjAF6MFoD8C1hiBr,"folk-pop, modern rock",,,
Ophelia,The Lumineers,5NORWMFC27ywGSZxi8uquP,"folk-pop, modern rock, neo mellow, stomp and holler",,,
Ho Hey,The Lumineers,0DwClY2t9YAWHBROMIgrXb,"folk-pop, modern rock, neo mellow, stomp and holler",,,
Ophelia,The Lumineers,14AyWf6y7KlWWLfAjdKMKI,"folk-pop, modern rock, neo mellow, stomp and holler",,,
"Gone, Gone, Gone",Phillip Phillips,56sxN1yKg1dgOZXBcAHkJG,"folk-pop, neo mellow, pop rock",,,
At Seventeen,Janis Ian,11pLh1SQkrbEPWUc1c7mEY,"folk, singer-songwriter",,,
Midnight City,M83,6GyFP1nfCDB8lbD2bG0Hq9,"french shoegaze, french synthpop, indietronica, metropopolis, neo-synthpop",,,
MTG QUEM NÃO QUER SOU EU,"DJ TOPO, Seu Jorge, Mc Leozin, MC G15",6RjSXi9cPGroetXeNsWFGL,"funk carioca, funk mtg, funk paulista, funk rj",,,
I Want to Be Your Man - Remastered Version,Roger,7lJgjvQRJEXcdu19n3Zn5T,"funk, new jack swing, p funk, post-disco, quiet storm",81.1791305542,0.819850623608,
On & On,"Cartoon, Jéja, Daniel Levi",2uZWffKoemZDI0gHcBEcDc,gaming edm,115.266426086,0.845479249954,
Daylight,David Kushner,1odExI7RdWc4BT515LTAwj,"gen z singer-songwriter, singer-songwriter pop",,,
Before You Leave Me,Alex Warren,7qoxdajngC0j9VXrcnephA,"gen z singer-songwriter, singer-songwriter pop",,,
Daylight,David Kushner,2mEMKgLqH3VZaSYO7iYCzp,"gen z singer-songwriter, singer-songwriter pop",,,
Ma Baby,Jazeek,4495xO2HkmqoYIxQO2FvAH,german hip hop,,,
Leben lang,MERO,1u59aqUTvk0X1TxchtyyNZ,german hip hop,,,
On me,MERO,3I03lVPYaF5Rw5AM888PvP,german hip hop,,,
Superstars,Jazeek,5NtZlpRVomRYn5FYVwAYtO,german hip hop,,,
CARRERA,HoodBlaq,1i1UXHK1roiVBYynK3m46Q,german hip hop,,,
VIEL GESEHEN,"HoodBlaq, Jamal, Safraoui",77Cnw7SBM2zKQ8insiz1jz,german hip hop,,,
Hussle Nipsey,MERO,0J3ZQROQWvEVZEcvz5NaXT,german hip hop,,,
112,Jazeek,151QpsxCSYAPPchzELKWXb,german hip hop,,,
Bullet,"MERO, AYLIVA",36F0lNyztXQRbiKOEoNvV7,german hip hop,,,
Rauch,MERO,6v1b9nidriM4UBfN7KToko,german hip hop,,,
Ascension (Don't Ever Wonder) - Remastered 2021,Maxwell,6l4TNbfPtNAOOlGIfceSaO,german hip hop,,,
Stolen Dance,Milky Chance,34xGLuxM0rkxhCVyMSqwJO,"german pop, modern rock",117.96975708,0.889303147793,
Cornfield Chase,Hans Zimmer,6pWgRkpqVfxnj3WuIcJ7WP,"german soundtrack, orchestral soundtrack, soundtrack",,,
DNA,"LXNGVX, VISXGE",3i6tlvYU1BSAM3yGQNemtM,"gym phonk, krushfunk",,,
Montagem Mysterious Game,LXNGVX,7vOmSP2647oNUGGEhWd1cr,"gym phonk, krushfunk",,,
Mary On A Cross,Ghost,7wdwIaXUuzlu1grzWMFRJm,"hard rock, metal",,,
Just Wanna Rock,Lil Uzi Vert,4Ls53fBNVfaXTROBi6X8Hw,"hip hop, melodic rap, philly rap, rage rap, rap, trap",130.007598877,0.93814343214,
Memories (feat. Kid Cudi) - 2021 Remix,"David Guetta, Kid Cudi",59o6ojGNGJOYiVJSzC6Lsa,"hip hop, ohio hip hop, pop rap, rap",136.806732178,0.9352465868,
Dreaming,Smallpools,6cMswWRv4lAU3mh5lclgCc,"hopebeat, indie poptimism, la indie, la pop, metropopolis, modern alternative rock, modern rock",,,
16 Years,The Griswolds,3BWbj5NXUgr0hK7PmFSI9D,"hopebeat, indie poptimism, shimmer pop",85.0166168213,0.917595565319,
A Bird's Last Look,Macabre Plaza,5omLpU1N0uN51OSXL62VAM,"hypnagogic pop, utopian virtual",,,
Je te laisserai des mots,Patrick Watson,44A0o4jA8F2ZF03Zacwlwx,"indie folk, indie quebecois",,,
The Night We Met,Lord Huron,3hRV0jL3vUpRrcy398teAU,"indie folk, stomp and holler",,,
Opendoors,Jitwam,1gPeJMO7Az6ZtzHiaKUTWb,"indie jazz, indie soul, lo-fi house",71.5682601929,0.654343008995,
All Time Low,Jon Bellion,1CnPYaKxTVb4LWOtiGOm0m,indie pop rap,,,
Someone To You,BANNERS,14BH4qO7pgCmIe6mgLKOK3,indie poptimism,,,
Shine A Light,BANNERS,1fDtoTPDyzkNOfFIRXxsC5,indie poptimism,,,
Electric Love,BØRNS,2GiJYvgVaD2HtM8GqD9EgQ,"indie poptimism, modern alternative rock, modern rock, pov: indie",,,
Le Départ,Adi Oasis,0FTpFi1BlqoBVELlh7jK50,"indie r&b, indie soul",172.265563965,0.00607901858166,
Whisper My Name,Adi Oasis,0dTye9Nu4yiVfmIlyI8PEE,"indie r&b, indie soul",,,
I WANNA BE YOUR SLAVE,Måneskin,4pt5fDVTg5GhEvEtlz9dKk,"indie rock italiano, italian pop",,,
Undercover Martyn,Two Door Cinema Club,0bePGTDjn0XuEKoN7rOMvV,"indie rock, indietronica, irish rock, modern alternative rock, modern rock, northern irish indie",,,
Undercover Martyn,Two Door Cinema Club,6GQLX6Z28fYwDNCrhaKzYF,"indie rock, indietronica, irish rock, modern alternative rock, modern rock, northern irish indie",,,
Undercover Martyn,Two Door Cinema Club,1JmRbZclLHgneDrpyA9e3X,"indie rock, indietronica, irish rock, modern alternative rock, modern rock, northern irish indie",,,
Tongue Tied,GROUPLOVE,0GO8y8jQk1PkHzS31d699N,"indie rock, la indie, modern alternative rock, modern rock, pov: indie",,,
Pretty Face,PUBLIC,07tbYac108weqzeP7Bhwon,indie rockism,101.011917114,0.967651069164,
Make You Mine,PUBLIC,5iFwAOB2TFkPJk8sMlxP8g,indie rockism,,,
dancing,NEIL FRANCES,2blNIRZz1KKV4fAC5OgI1o,indie soul,,,
Teardrops,NEIL FRANCES,3GdogCZTpPHBODiiEJbqQm,indie soul,,,
People Everywhere (Still Alive),Khruangbin,2OQ1V0e2O56AeIo4ywuYKF,"indie soul, neo-psychedelic, world",,,
Burn,Ellie Goulding,5lF0pHbsJ0QqyIrLweHJPW,"indietronica, metropopolis, pop, uk pop",,,
Mind Over Matter (Reprise),Young the Giant,77KnJc8o5G1eKVwX5ywMeZ,"indietronica, modern alternative rock, modern rock, pov: indie, stomp and holler",152.006454468,0.807415425777,
Why Can't We Be Friends?,The Academic,0qZXLvlsM5ELq3WfZXgnCi,irish indie,129.890228271,0.912743449211,
Too Sweet,Hozier,5Z0UnEtpLDQyYlWwgi8m9C,"irish singer-songwriter, modern rock, pop, pov: indie",,,
NEXT!,NCTS,5hL2t5WyC9bibNDVkhVvDx,krushfunk,,,
NEXT! - Slowed,NCTS,0eabuc3yo3J0nUSwjEMDDL,krushfunk,,,
Shakira!,"1nonly, EGOVERT",1zCQXSnLkfXq3TzMLr6pWf,"krushfunk, polish phonk",,,
Notion,The Rare Occasions,0sTlGEld0h8kIPZaKDYUf4,la indie,,,
Out of My League,Fitz and The Tantrums,5qEn8c0MBzyRKgQq91Vevi,"la indie, modern alternative rock, modern rock, pop rock, pov: indie",,,
My Type,Saint Motel,2Iq6HhIquO7JKr0KfTNLzU,"la indie, modern alternative rock, modern rock, pov: indie",123.73538208,0.704830884933,
Me Gustas Tu,Manu Chao,6b37xrsNCWYIUphFBazqD6,"latin alternative, world",,,
El Cuarto de Tula,Buena Vista Social Club,7dRfobhDNnsEgB2ZArxA1f,"latin jazz, musica tradicional cubana, world",128.924545288,0.766507863998,
Candela,Buena Vista Social Club,1eHGsCdAWh1Ffowzacpfoi,"latin jazz, musica tradicional cubana, world",,,
"Quizás, Quizás - Live",Buena Vista Social Club,78JVMoMUJw2zyeswgHKfrP,"latin jazz, musica tradicional cubana, world",132.962982178,0.883994519711,
Mon Amour - Remix,"zzoilo, Aitana",5TMLavqGRKNxgzMBrVpC9R,latin pop,,,
Shower,Becky G,3DmW6y7wTEYHJZlLo1r6XJ,"latin pop, latin viral pop, rap latina, reggaeton, trap latino, urbano latino",,,
La negra Tomasa,Compay Segundo,4zCsjPyHGJz8Vx0luwq4M1,"mambo, musica tradicional cubana, son cubano",,,
Mambo No 5,Pérez Prado,3fQLXoRwKQTnThncdMCqwG,"mambo, musica tradicional cubana, space age pop",,,
Wild Ones (feat. Sia),"Flo Rida, Sia",1NpW5kyvO4XrNJ3rnfcNy3,marching band,126.864112854,0.921687602997,
Sprinter,"Dave, Central Cee",2FDTHlrBguDzQkp7PVj16Q,"melodic drill, r&drill",,,
The Boy Is Mine,"James Mac, Vall, Rosalie",1aRd5tMVhiRyMJLmSOg2IF,melodic house,,,
Safe And Sound,Capital Cities,6Z8R6UsFuGXGtiIxiD8ISb,"metropopolis, modern rock",,,
Kangaroo Court,Capital Cities,1leXuBiWQMgbvOIIedqbLB,"metropopolis, modern rock",99.9584350586,0.934315443039,
Safe and Sound,Capital Cities,5JVbvCHX10U2pLa5DEqGav,"metropopolis, modern rock",,,
Stargazing,The Neighbourhood,0VF7YLIxSQKyNiFL3X6MmN,"modern alternative rock, modern rock, pop",,,
Blood // Water,grandson,0AUyNF6iFxMNQsNx2nhtrw,"modern alternative rock, modern rock, pov: indie, rock",,,
Wondering Why,The Red Clay Strays,1HbzxLqpNVPdiBXvpC7Ovb,modern country pop,,,
Wine Into Whiskey,Tucker Wetmore,4FgvZaxSi4fwCLEc5tFV00,modern country pop,,,
23,Chayce Beckham,5NU6kBZORKaoqS09mOqgXs,modern country pop,,,
A Bar Song (Tipsy),Shaboozey,2FQrifJ1N335Ljm3TjTVVf,"modern country pop, pop rap",,,
A Bar Song (Tipsy),Shaboozey,5fZJQrFKWQLb7FpJXZ1g7K,"modern country pop, pop rap",,,
Get Into The Groove,"Giacomo Turra, Mikey Jose",1a0YeR9LWUZ3EBS5TaTDsW,modern funk,,,
Shut up My Moms Calling (Sped up),Hotel Ugly,31mzt4ZV8C0f52pIz1NSwd,modern indie pop,,,
Shut up My Moms Calling,Hotel Ugly,3hxIUxnT27p5WcmjGUXNwx,modern indie pop,,,
Where's My Love - Acoustic,SYML,0ElpbbncWT9aS7mgoqEHbQ,modern indie pop,,,
this is what falling in love feels like,JVKE,2PWTZV5znjLtZC5T1EVJvL,"modern indie pop, pov: indie, singer-songwriter pop",,,
golden hour,JVKE,5odlY52u43F5BjByhxg7wg,"modern indie pop, pov: indie, singer-songwriter pop",,,
Hey There Delilah,Plain White T's,4RCWB3V8V0dignt99LZ8vH,"modern rock, neo mellow, neon pop punk, pop punk, pop rock",,,
Best Day Of My Life,American Authors,5Hroj5K7vLpIG4FNCRIjbP,"modern rock, pop rock",,,
It's Time,Imagine Dragons,6BtmXhTJMM9sBTHeYYASGz,"modern rock, pop, rock",104.409484863,0.732930004597,
Whatever It Takes,Imagine Dragons,6Qn5zhYkTa37e91HC1D7lb,"modern rock, pop, rock",,,
Somewhere Only We Know,Keane,1SKPmfSYaPsETbRHaiA18G,"neo mellow, piano rock, pop rock",,,
Last Christmas,Wham!,2FRnf9qhLbvw8fu4IBXx78,"new romantic, new wave, new wave pop, soft rock",,,
APARTMENT (feat. Monet192),"Dardan, Monet192",0atxjWna6ikysmEzrqGXLW,new school turkce rap,,,
gözlerindeki ay,Mavi,5Ll8YoELGiZ3jeoaY3TABg,new school turkce rap,,,
Hell N Back (feat. Summer Walker),"Bakar, Summer Walker",0jcw8cJf3TNMZN0BXlueML,"new school turkce rap, turkce drill",,,
MONTAGEM DIAMANTE ROSA,"vtze archive, Mc Ster",6vEOZGTBgE6gASrzAWNxTH,"new school turkce rap, turkce drill",172.265594482,0.9467202425,
edamame,"bbno$, Rich Brian",1golLrmqyxDWedF7YUHCOD,"new school turkce rap, turkish hip hop",,,
Tourment d' amour,"La Fine Equipe, Saneyes",1pur8kv69XmZqA3uoMEYnH,"new school turkce rap, turkish hip hop",139.841751099,0.925479769707,
Romantic Lover,Eyedress,7s5VQqrjBtrBgZL4pEa46S,"noise pop, pov: indie",,,
Jealous,Eyedress,1aXV8GrmQLvgoFtBPERP7E,"noise pop, pov: indie",,,
Tuyo (Narcos Theme) - A Netflix Original Series Soundtrack,Rodrigo Amarante,6Dc2tCivms1s2X9myWe4ni,nova mpb,112.091873169,0.976877331734,
Adventure of a Lifetime,Coldplay,69uxyAqqPIsUyTO8txoP2M,"permanent wave, pop",,,
Viva La Vida,Coldplay,1mea3bSkSGXuIRvnydlB5b,"permanent wave, pop",,,
Hymn for the Weekend,Coldplay,3RiPr603aXAoi4GHyXx0uy,"permanent wave, pop",,,
Counting Stars,OneRepublic,2tpWsVSb9UEmDRxAl1zhX1,"piano rock, pop",,,
I Ain't Worried,OneRepublic,0oF9jpn0n8afMpbHKgRd6J,"piano rock, pop",,,
Golden,Harry Styles,45S5WTQEGOB1VHr1Q4FuPl,pop,,,
As It Was,Harry Styles,4LRPiXqCikLlN15c3yImP7,pop,,,
This Love,Maroon 5,6ECp64rv50XVz93WvxXMGF,pop,,,
Maps,Maroon 5,4gbVRS8gloEluzf0GzDOFc,pop,122.988250732,0.935609936714,
greedy,Tate McRae,3rUGC1vUpkDG9CZFHMur1t,pop,,,
House of Memories,Panic! At The Disco,2DgdHcjWmO3qd50RzuBLgZ,pop,,,
bloodline,Ariana Grande,2hloaUoRonYssMuqLCBLTX,pop,153.927520752,0.96458530426,
good 4 u,Olivia Rodrigo,4ZtFanR9U6ndgddUvNcjcG,pop,,,
Kings & Queens,Ava Max,7a53HqqArd4b9NF4XAmlbI,pop,,,
Espresso,Sabrina Carpenter,2HRqTpkrJO5ggZyyK6NPWz,pop,,,
As It Was,Harry Styles,4Dvkj6JhhA12EX05fT7y2e,pop,,,
One Last Time,Ariana Grande,7xoUc6faLbCqZO6fQEYprd,pop,,,
Firework,Katy Perry,3lXbHd0EoryoQh3vpevNEP,pop,123.969017029,0.817434966564,
Memories,Maroon 5,4cktbXiXOapiLBMprHFErI,pop,,,
Last Friday Night (T.G.I.F.),Katy Perry,1htQDV8JxSuXG2QsNj5ttr,pop,125.98135376,0.855365514755,
One More Night,Maroon 5,6cpk00i5TxCqSeqNi2HuIe,pop,,,
Animals,Maroon 5,2bL2gyO6kBdLkNSkxXNh6x,pop,,,
Espresso,Sabrina Carpenter,2qSkIjg1o9h3YT9RAgYN75,pop,,,
"10,000 Hours (with Justin Bieber)","Dan + Shay, Justin Bieber",4j5ffIFh7bFT7GZciP1TCy,pop,89.9493942261,0.924481570721,
Woman,Doja Cat,6Uj1ctrBOjOas8xZXGqKk4,pop,,,
Mwaki,"Zerb, Sofiya Nzau",5KTZgG84bKFGm53lhLtTqc,pop dance,,,
Luminary,Joel Sunny,66pWxtaxTV8CxcGOvivZeT,pop violin,,,
Rude,MAGIC!,6RtPijgfPKROxEzTHNRiDp,"pop, reggae fusion",,,
Ain't My Fault,Zara Larsson,0ADG9OgdVTL7fgREP75BrZ,"pop, scandipop, swedish electropop, swedish pop",,,
Lush Life,Zara Larsson,1rIKgCH4H52lrvDcz50hS8,"pop, scandipop, swedish electropop, swedish pop",,,
How Long,Charlie Puth,6wmAHw1szh5RCKSRjiXhPe,"pop, viral pop",,,
Me And My Broken Heart,Rixton,1oew3nFNY3vMacJAsvry0S,"post-teen pop, talent show, teen pop, viral pop",,,
Remember When,Wallows,5naar7XewEOAjOywIp6Jjq,pov: indie,,,
Brazil,Declan McKenna,4sNG6zQBmtq7M8aeeKJRMQ,pov: indie,,,
This Side of Paradise,Coyote Theory,79EkGysjP2dL5GdpeQjRxT,pov: indie,,,
Lovers Rock,TV Girl,6dBUzqjtbnIa1TwYbyw5CM,pov: indie,,,
End of Beginning,Djo,3qhlB30KknSejmIvZZLjOD,"pov: indie, psychedelic pop",,,
Stick Season,Noah Kahan,0mflMxspEfB0VbI1kyLiAv,"pov: indie, singer-songwriter pop",,,
Never Too Much,Luther Vandross,3nFJbZCHP4d9vduKjJLdBL,"quiet storm, soul",,,
Liberian Girl - 2012 Remastered Version,Michael Jackson,2WzQbiXKpmRNLWXbqo8Z7b,"r&b, soul",105.054389954,0.706572055817,
The Lady in My Life,Michael Jackson,07L1pzoVerhRSSaDGZHrKy,"r&b, soul",,,
Little Things x Gypsy Woman - L BEATS MASHUP,Jorja Smith,2AlCe2DDxELeESF5IP3t9K,"r&b, uk contemporary r&b",,,
MY EYES,Travis Scott,4kjI1gwQZRKNDkw1nI475M,"rap, slap house",,,
Snooze,SZA,4iZ4pt7kvcaH6Yo8UoZ4s2,"rap, slap house",,,
If You Don't Want My Love,Jalen Ngonda,4A48ckONJNoXU5smWT9CeG,retro soul,,,
Sunny Days,Allen Stone,0Al2BKKAivdcIuLEXAJfib,retro soul,,,
La Bamba,Los Lobos,0uMMLry3hzWGn3q3loqMkm,roots rock,147.580368042,0.898593604565,
Sure Thing,Miguel,0JXXNGljqupsJaZsgSbMZV,scenecore,,,
Girl With The Tattoo Enter.lewd,Miguel,1eUGmzzvahJjOSWgDHuRlv,scenecore,112.04750061,0.75539380312,
Slow It Down,Benson Boone,51eSHglvG1RJXtL3qI5trr,singer-songwriter pop,,,
Beautiful Things,Benson Boone,6tNQ70jh4OwmPGpYy6R2o9,singer-songwriter pop,,,
Belong Together,Mark Ambor,0rtDE9zfXbamTlRUSwY7zy,singer-songwriter pop,,,
UP!,"Forrest Frank, Connor Price",1Bgj8C4oHOR5M3wuzb6Mmq,singer-songwriter pop,,,
Beautiful Things,Benson Boone,3xkHsmpQCBMytMJNiDf3Ii,singer-songwriter pop,,,
Belong Together,Mark Ambor,5uQ7de4EWjb3rkcFxyEOpu,singer-songwriter pop,,,
Stargazing,Myles Smith,3Vr3zh0r7ALn8VLqCiRR10,singer-songwriter pop,117.284431458,0.16384485364,
Solo,Myles Smith,4Skkx52Dh8yo4G1ijAEGs3,singer-songwriter pop,172.265853882,0.908984184265,
i am not who i was,Chance Peña,70eyG7pqKozUvKPKXLXmpI,singer-songwriter pop,,,
Strangers,Kenya Grace,593knnQN4REEshx8th9zgK,singer-songwriter pop,,,
Good To Be,Mark Ambor,2tnSBYJyGGYD0Gbn07tTHZ,singer-songwriter pop,,,
Losing Interest,"itssvd, CORBAL, Shiloh Dynasty, Dibyo",55XrFge2dEZwYzNl128DwN,"slowed and reverb, sped up",,,
Baby Come Back,Player,41sGGCCoHI2GLV9qadX80A,"soft rock, yacht rock",,,
"It's A Man's, Man's, Man's World",James Brown & The Famous Flames,3SQ9Hb9rfpJ02AWfaOPhpy,soul,,,
Who Knows,Marion Black,6pul7BJkKcVHIewzPLW2rc,traditional soul,,,
Do you lie,"Jazeek, Milano",6xLxMr7gbDdz7VWSx0IBt7,german hip hop,,,
Island Chick,"MERO, Jazeek",6WWibJmko1r5aUqCVW6Jjf,german hip hop,,,
Malli,"Dardan, Azet",6YGznDwVZuU062jUZFu53j,german hip hop,,,
Diyardan Diyara,"cakal, Arem Ozguc, Arman Aydin",7Ebb2WheOGGauCH2wuQB55,turkce drill,,,
Hayalet,BEGE,3NWhRNp75M7bEZZH1nWzMw,"turkce drill, turkish hip hop, turkish trap",,,
Affet Beni Sevgilim,"Ege Balkiz, Burry Soprano",50CggGOY2D2IKTuSRcn9nU,"turkce drill, turkish hip hop, turkish trap",,,
Ağlama ben ağlarım,Canozan,0JU2QfhTrgFsVq5yQ4YQlu,"turkish alt pop, turkish alternative rock, turkish rock",,,
PİÇ,Canozan,6mOWYGO4GGTOA5ixHz8S28,"turkish alt pop, turkish alternative rock, turkish rock",,,
İstesen de sevemezsin,Nova Norda,4oqbiIv6cXEnPRLuD7veT2,"turkish alt pop, turkish rock",,,
Şerefine,Nova Norda,4rUFcGfofUYAGYm5Ea4dsj,"turkish alt pop, turkish rock",109.760688782,0.767031311989,
Beteri Yok Uslanmaktan,Nova Norda,3IQmWYVbSkYi6uZRoqVy95,"turkish alt pop, turkish rock",,,
Barbar,Kaan Boşnak,0UN0qSJUnWWvIOgv3nYY2A,"turkish alt pop, turkish rock",,,
Aşka Çarem Yok - Akustik,Nova Norda,5uGJOePCGLPDh5dZwTSK6D,"turkish alt pop, turkish rock",,,
Varım,Nova Norda,2b5triICTUIVikUjFQnMuj,"turkish alt pop, turkish rock",,,
Pelin,Nova Norda,0eEbjngq1aQ1l8T91dEh6U,"turkish alt pop, turkish rock",,,
Şerefine,Nova Norda,17OY736GJsOA9L6mxL97y5,"turkish alt pop, turkish rock",,,
Rüyalarda Buruşmuşum,Adamlar,4cQSOn9oP0MiM7BgiRngFk,"turkish alt pop, turkish rock",,,
Koca Bir Saçmalık,Jakuzi,0vWzFgVUxaDHHbGhmjYWm7,turkish alternative rock,135.039779663,0.87745398283,
Heartless (feat. Morgan Wallen),"Diplo, Morgan Wallen",3FU6urUVsgXa6RBuV2PdRk,"turkish alternative rock, turkish psych, turkish rock",,,
Ne Farkeder,Yüzyüzeyken Konuşuruz,44L4pN54vXFkZSUTGZxE7U,"turkish alternative rock, turkish rock",,,
Belki Çok Da Şey Yapmamak Lazım,Gripin,1FaLandgeOlprsIdwN9UDp,"turkish alternative, turkish pop, turkish rock",,,
Aşk Nerden Nereye,Gripin,6vFHg6OAyhAWUbigiz3gn8,"turkish alternative, turkish pop, turkish rock",162.529693604,0.955693721771,
Durma Yağmur Durma,Gripin,046ChjRCFmQENZNDl8IN9A,"turkish alternative, turkish pop, turkish rock",,,
Yalnızlığın Çaresini Bulmuşlar,Gripin,3jW5r9FkxQuouF9sMSw2hb,"turkish alternative, turkish pop, turkish rock",,,
Böyle Kahpedir Dünya,Gripin,257FRDatWz1V90vKJP2mwV,"turkish alternative, turkish pop, turkish rock",123.05178833,0.888754665852,
Beş,Gripin,02aeMyLJWxZMSd8v25mHyj,"turkish alternative, turkish pop, turkish rock",99.4193344116,0.931311070919,
Vazgeçtim Ben Bugün,Gripin,31KSA9U4SbUOlrjahunULK,"turkish alternative, turkish pop, turkish rock",,,
Lights Out,"Ufo361, Ezhel",1es91Lilzr2MraYFgS60YK,"turkish hip hop, turkish trap",154.576339722,0.572182476521,
Unholy (feat. Kim Petras),"Sam Smith, Kim Petras",0NZPBYD5qbEWRs3PrGiRkT,"turkish hip hop, turkish trap",,,
Ahu,Mabel Matiz,5dIFM4dkwEjMnFppbHTsEA,turkish pop,,,
Taş,Gökhan Türkmen,37DJXPDpTHiHyGrBuv6g0p,turkish pop,,,
Aşk Lazım,Gökhan Türkmen,1go0UD3oiPkt4OQa2nBokk,turkish pop,126.910697937,0.932381510735,
Sonsuz Ol - Remastered,Yalın,19fvecF3Ewyh8V9nMoLeCp,turkish pop,,,
Bir Bakmışsın,Yalın,2G8uYPKcg3HAMnyxAEAwpH,turkish pop,,,
Yoksa Yasak,"Oğuzhan Koç, Arem Ozguc, Arman Aydin",03R1msT8hOfHiKv5f4wRxn,turkish pop,,,
Tencere Kapak,Kenan Doğulu,3r1Mavl6pZfmJr4I6Gwziv,turkish pop,,,
Gülün Rengi,Serdar Ortaç,2QRmkpesFJl659zHne1PyQ,turkish pop,,,
Sarışın,Mabel Matiz,1jvvnFMAW221PSMaYIvEuQ,turkish pop,,,
Cesaretsizce Olmuyor,Jabbar,3GXkYMKJ443tsH5KmOABnw,turkish pop,,,
Tastamam,Can Bonomo,3L8SvgfqK9Xb26rV4kq5Xt,"turkish pop, turkish rock",,,
Kafam Senden Bile Güzel,Kolpa,0d4rto68XJzcTTzFQQ54eS,"turkish pop, turkish rock",,,
Nasıl Öğrendin Unutmayı,Kolpa,2GwNK4kWQjCpX3EGKAywLV,"turkish pop, turkish rock",,,
Kafile,Yüksek Sadakat,4PTjzk0gb6st9Lk5kKBnc6,"turkish pop, turkish rock",,,
Belki Üstümüzden Bir Kuş Geçer,Yüksek Sadakat,1QOSqQevYx6IrRTV9UG3D9,"turkish pop, turkish rock",,,
Haydi Gel İçelim,Yüksek Sadakat,6b0iQwJFAjQz8bwJbUIUQb,"turkish pop, turkish rock",,,
Aşk Durdukça,Yüksek Sadakat,4scldqQmZGfzMMnZHEQDyX,"turkish pop, turkish rock",,,
Fener,Yüksek Sadakat,72FPq32x3wxNRJICAGTQwo,"turkish pop, turkish rock",,,
Aklımın İplerini Saldım,Yüksek Sadakat,0OOLoETLazFG55CLURAw8h,"turkish pop, turkish rock",,,
Beni Aşka İnandır,Kolpa,1IfmI8k7GUykUXnKG6cvPB,"turkish pop, turkish rock",,,
Anlayamazsın,Seksendört,39DenhkBkmDsYBpl1rAchr,"turkish pop, turkish rock",,,
Ben Öldüm,Gece,3de9GVjuFpwVM6uC5YLQS2,"turkish pop, turkish rock",,,
Olmazlara İnat,Berkay Altunyay,11AkXmBdjwu4upt22GjJrG,turkish singer-songwriter,,,
